{"assets/default_avatar.png":["assets/default_avatar.png"],"assets/fonts/Inter_24pt-Bold.ttf":["assets/fonts/Inter_24pt-Bold.ttf"],"assets/fonts/Inter_24pt-Regular.ttf":["assets/fonts/Inter_24pt-Regular.ttf"],"assets/guinee_map.png":["assets/guinee_map.png"],"assets/jobs/card_cover.png":["assets/jobs/card_cover.png"],"assets/jobs/hero.png":["assets/jobs/hero.png"],"assets/logo_guinee.png":["assets/logo_guinee.png"],"assets/nimba.png":["assets/nimba.png"],"packages/cupertino_icons/assets/CupertinoIcons.ttf":["packages/cupertino_icons/assets/CupertinoIcons.ttf"],"packages/flutter_map/lib/assets/flutter_map_logo.png":["packages/flutter_map/lib/assets/flutter_map_logo.png"],"packages/font_awesome_flutter/lib/fonts/fa-brands-400.ttf":["packages/font_awesome_flutter/lib/fonts/fa-brands-400.ttf"],"packages/font_awesome_flutter/lib/fonts/fa-regular-400.ttf":["packages/font_awesome_flutter/lib/fonts/fa-regular-400.ttf"],"packages/font_awesome_flutter/lib/fonts/fa-solid-900.ttf":["packages/font_awesome_flutter/lib/fonts/fa-solid-900.ttf"],"packages/wakelock_plus/assets/no_sleep.js":["packages/wakelock_plus/assets/no_sleep.js"]}